Method,Avg Time (s),Std Time (s),Frames Extracted,Processing FPS,Sampling Rate,Success,Frames,Timestamps
OpenCV Uniform,0.19134140014648438,0.004589080699066865,30,156.78781474909786,2.0,True,"[array([[[ 55, 125, 166],
        [ 48, 118, 159],
        [ 65, 124, 170],
        ...,
        [ 61, 108, 156],
        [ 66, 116, 163],
        [ 60, 110, 157]],

       [[ 44, 114, 155],
        [ 57, 127, 168],
        [ 54, 113, 159],
        ...,
        [ 61, 108, 156],
        [ 63, 113, 160],
        [ 64, 114, 161]],

       [[ 52, 114, 166],
        [ 57, 119, 171],
        [ 65, 115, 167],
        ...,
        [ 71, 121, 168],
        [ 66, 113, 161],
        [ 62, 109, 157]],

       ...,

       [[181, 192, 220],
        [178, 189, 217],
        [167, 179, 210],
        ...,
        [186, 204, 231],
        [185, 202, 227],
        [176, 193, 218]],

       [[181, 200, 225],
        [171, 190, 215],
        [180, 185, 217],
        ...,
        [177, 188, 216],
        [185, 200, 223],
        [180, 195, 218]],

       [[179, 198, 223],
        [183, 202, 227],
        [191, 196, 228],
        ...,
        [176, 187, 215],
        [173, 188, 211],
        [181, 196, 219]]], shape=(480, 640, 3), dtype=uint8), array([[[ 67, 115, 167],
        [ 66, 114, 166],
        [ 65, 106, 159],
        ...,
        [ 72, 118, 177],
        [ 75, 128, 172],
        [ 57, 110, 154]],

       [[ 70, 118, 170],
        [ 60, 108, 160],
        [ 61, 102, 155],
        ...,
        [ 63, 109, 168],
        [ 55, 108, 152],
        [ 64, 117, 161]],

       [[ 69, 117, 171],
        [ 60, 108, 162],
        [ 73, 116, 164],
        ...,
        [ 50, 110, 146],
        [ 46, 105, 159],
        [ 50, 109, 163]],

       ...,

       [[194, 209, 230],
        [182, 197, 218],
        [180, 190, 221],
        ...,
        [184, 190, 219],
        [185, 188, 225],
        [181, 184, 221]],

       [[179, 189, 225],
        [180, 190, 226],
        [181, 194, 222],
        ...,
        [179, 188, 216],
        [180, 181, 220],
        [173, 174, 213]],

       [[181, 191, 227],
        [188, 198, 234],
        [180, 193, 221],
        ...,
        [180, 189, 217],
        [186, 187, 226],
        [186, 187, 226]]], shape=(480, 640, 3), dtype=uint8), array([[[ 60, 119, 160],
        [ 56, 115, 156],
        [ 64, 118, 173],
        ...,
        [ 74, 120, 165],
        [ 57, 106, 162],
        [ 69, 118, 174]],

       [[ 58, 117, 158],
        [ 61, 120, 161],
        [ 59, 113, 168],
        ...,
        [ 57, 103, 148],
        [ 69, 118, 174],
        [ 57, 106, 162]],

       [[ 49, 106, 147],
        [ 65, 122, 163],
        [ 66, 119, 172],
        ...,
        [ 57, 109, 151],
        [ 57, 111, 166],
        [ 53, 107, 162]],

       ...,

       [[179, 190, 223],
        [179, 190, 223],
        [169, 186, 216],
        ...,
        [183, 197, 229],
        [173, 181, 217],
        [180, 188, 224]],

       [[170, 184, 216],
        [179, 193, 225],
        [174, 194, 223],
        ...,
        [174, 199, 218],
        [174, 182, 225],
        [173, 181, 224]],

       [[173, 187, 219],
        [183, 197, 229],
        [166, 186, 215],
        ...,
        [168, 193, 212],
        [168, 176, 219],
        [175, 183, 226]]], shape=(480, 640, 3), dtype=uint8), array([[[ 66, 115, 164],
        [ 58, 107, 156],
        [ 58, 112, 154],
        ...,
        [ 55, 106, 164],
        [ 65, 118, 169],
        [ 56, 109, 160]],

       [[ 71, 120, 169],
        [ 65, 114, 163],
        [ 70, 124, 166],
        ...,
        [ 56, 107, 165],
        [ 61, 114, 165],
        [ 56, 109, 160]],

       [[ 54, 111, 157],
        [ 60, 117, 163],
        [ 56, 112, 155],
        ...,
        [ 72, 127, 178],
        [ 59, 118, 164],
        [ 56, 115, 161]],

       ...,

       [[183, 200, 225],
        [177, 194, 219],
        [188, 201, 229],
        ...,
        [184, 194, 225],
        [174, 184, 215],
        [185, 195, 226]],

       [[184, 189, 221],
        [182, 187, 219],
        [184, 194, 220],
        ...,
        [194, 204, 235],
        [182, 192, 223],
        [180, 190, 221]],

       [[187, 192, 224],
        [182, 187, 219],
        [182, 192, 218],
        ...,
        [183, 193, 224],
        [184, 194, 225],
        [178, 188, 219]]], shape=(480, 640, 3), dtype=uint8), array([[[ 57, 104, 160],
        [ 67, 114, 170],
        [ 54, 106, 153],
        ...,
        [ 69, 123, 165],
        [ 57, 111, 151],
        [ 65, 119, 159]],

       [[ 69, 116, 172],
        [ 60, 107, 163],
        [ 60, 112, 159],
        ...,
        [ 60, 114, 156],
        [ 61, 115, 155],
        [ 58, 112, 152]],

       [[ 66, 115, 164],
        [ 69, 118, 167],
        [ 57, 108, 152],
        ...,
        [ 62, 109, 157],
        [ 72, 129, 170],
        [ 61, 118, 159]],

       ...,

       [[186, 198, 229],
        [174, 186, 217],
        [176, 188, 219],
        ...,
        [185, 193, 229],
        [182, 190, 228],
        [173, 181, 219]],

       [[178, 190, 221],
        [178, 190, 221],
        [181, 196, 226],
        ...,
        [175, 187, 213],
        [188, 197, 230],
        [182, 191, 224]],

       [[174, 186, 217],
        [185, 197, 228],
        [181, 196, 226],
        ...,
        [181, 193, 219],
        [177, 186, 219],
        [187, 196, 229]]], shape=(480, 640, 3), dtype=uint8), array([[[ 69, 112, 160],
        [ 63, 106, 154],
        [ 71, 116, 157],
        ...,
        [ 60, 109, 165],
        [ 56, 106, 158],
        [ 64, 114, 166]],

       [[ 72, 115, 163],
        [ 64, 107, 155],
        [ 72, 117, 158],
        ...,
        [ 55, 104, 160],
        [ 58, 108, 160],
        [ 51, 101, 153]],

       [[ 66, 118, 158],
        [ 59, 111, 151],
        [ 51,  99, 151],
        ...,
        [ 60, 114, 162],
        [ 66, 119, 172],
        [ 63, 116, 169]],

       ...,

       [[182, 195, 223],
        [178, 191, 219],
        [179, 190, 223],
        ...,
        [183, 190, 223],
        [172, 191, 222],
        [180, 199, 230]],

       [[180, 193, 230],
        [181, 194, 231],
        [169, 192, 223],
        ...,
        [184, 186, 220],
        [170, 191, 222],
        [173, 194, 225]],

       [[186, 199, 236],
        [167, 180, 217],
        [171, 194, 225],
        ...,
        [190, 192, 226],
        [167, 188, 219],
        [170, 191, 222]]], shape=(480, 640, 3), dtype=uint8), array([[[ 60, 106, 156],
        [ 68, 114, 164],
        [ 70, 112, 162],
        ...,
        [ 62, 108, 167],
        [ 54, 107, 165],
        [ 52, 105, 163]],

       [[ 69, 115, 165],
        [ 67, 113, 163],
        [ 66, 108, 158],
        ...,
        [ 65, 111, 170],
        [ 53, 106, 164],
        [ 54, 107, 165]],

       [[ 60, 106, 156],
        [ 60, 106, 156],
        [ 62, 108, 158],
        ...,
        [ 64, 112, 164],
        [ 58, 111, 162],
        [ 60, 113, 164]],

       ...,

       [[173, 187, 213],
        [182, 196, 222],
        [189, 201, 232],
        ...,
        [185, 195, 231],
        [178, 188, 224],
        [180, 190, 226]],

       [[173, 186, 221],
        [188, 201, 236],
        [178, 198, 218],
        ...,
        [176, 193, 223],
        [190, 198, 229],
        [177, 185, 216]],

       [[174, 187, 222],
        [185, 198, 233],
        [176, 196, 216],
        ...,
        [175, 192, 222],
        [183, 191, 222],
        [187, 195, 226]]], shape=(480, 640, 3), dtype=uint8), array([[[ 74, 121, 162],
        [ 68, 115, 156],
        [ 58, 111, 164],
        ...,
        [ 44, 103, 149],
        [ 63, 107, 157],
        [ 70, 114, 164]],

       [[ 61, 108, 149],
        [ 74, 121, 162],
        [ 53, 106, 159],
        ...,
        [ 57, 116, 162],
        [ 74, 118, 168],
        [ 70, 114, 164]],

       [[ 62, 106, 156],
        [ 64, 108, 158],
        [ 66, 114, 166],
        ...,
        [ 56, 108, 163],
        [ 64, 114, 161],
        [ 65, 115, 162]],

       ...,

       [[175, 186, 214],
        [191, 202, 230],
        [177, 186, 219],
        ...,
        [190, 200, 238],
        [183, 191, 234],
        [190, 198, 241]],

       [[175, 188, 209],
        [180, 193, 214],
        [171, 180, 220],
        ...,
        [178, 187, 234],
        [179, 184, 236],
        [188, 193, 245]],

       [[185, 198, 219],
        [184, 197, 218],
        [178, 187, 227],
        ...,
        [177, 186, 233],
        [180, 185, 237],
        [178, 183, 235]]], shape=(480, 640, 3), dtype=uint8), array([[[ 56, 104, 156],
        [ 59, 107, 159],
        [ 67, 116, 165],
        ...,
        [ 62, 115, 159],
        [ 71, 122, 171],
        [ 72, 123, 172]],

       [[ 70, 118, 170],
        [ 65, 113, 165],
        [ 74, 123, 172],
        ...,
        [ 64, 117, 161],
        [ 60, 111, 160],
        [ 62, 113, 162]],

       [[ 63, 110, 166],
        [ 58, 105, 161],
        [ 62, 108, 158],
        ...,
        [ 61, 114, 158],
        [ 76, 127, 176],
        [ 70, 121, 170]],

       ...,

       [[181, 198, 223],
        [171, 188, 213],
        [167, 179, 210],
        ...,
        [183, 193, 224],
        [190, 201, 229],
        [178, 189, 217]],

       [[178, 197, 222],
        [169, 188, 213],
        [161, 181, 210],
        ...,
        [176, 186, 217],
        [180, 188, 226],
        [184, 192, 230]],

       [[177, 196, 221],
        [170, 189, 214],
        [177, 197, 226],
        ...,
        [175, 185, 216],
        [182, 190, 228],
        [178, 186, 224]]], shape=(480, 640, 3), dtype=uint8), array([[[ 67, 114, 170],
        [ 63, 110, 166],
        [ 57, 119, 171],
        ...,
        [ 83, 111, 162],
        [ 58, 126, 167],
        [ 44, 112, 153]],

       [[ 62, 109, 165],
        [ 57, 104, 160],
        [ 46, 108, 160],
        ...,
        [ 87, 115, 166],
        [ 50, 118, 159],
        [ 55, 123, 164]],

       [[ 64, 112, 164],
        [ 66, 114, 166],
        [ 58, 115, 156],
        ...,
        [ 68, 111, 166],
        [ 66, 120, 168],
        [ 65, 119, 167]],

       ...,

       [[181, 198, 223],
        [180, 197, 222],
        [180, 196, 223],
        ...,
        [188, 200, 226],
        [180, 188, 219],
        [183, 191, 222]],

       [[179, 194, 224],
        [176, 191, 221],
        [179, 193, 225],
        ...,
        [178, 188, 219],
        [187, 194, 221],
        [181, 188, 215]],

       [[178, 193, 223],
        [177, 192, 222],
        [181, 195, 227],
        ...,
        [184, 194, 225],
        [191, 198, 225],
        [184, 191, 218]]], shape=(480, 640, 3), dtype=uint8), array([[[ 69, 116, 172],
        [ 74, 121, 177],
        [ 56, 110, 152],
        ...,
        [ 55, 109, 151],
        [ 62, 116, 158],
        [ 72, 126, 168]],

       [[ 71, 118, 174],
        [ 58, 105, 161],
        [ 58, 112, 154],
        ...,
        [ 62, 116, 158],
        [ 50, 104, 146],
        [ 64, 118, 160]],

       [[ 71, 116, 169],
        [ 65, 110, 163],
        [ 52, 107, 158],
        ...,
        [ 71, 122, 171],
        [ 60, 114, 154],
        [ 65, 119, 159]],

       ...,

       [[184, 191, 224],
        [186, 193, 226],
        [187, 198, 226],
        ...,
        [175, 186, 214],
        [190, 204, 223],
        [188, 202, 221]],

       [[177, 195, 229],
        [175, 193, 227],
        [185, 185, 213],
        ...,
        [180, 191, 219],
        [184, 198, 217],
        [177, 191, 210]],

       [[173, 191, 225],
        [172, 190, 224],
        [186, 186, 214],
        ...,
        [184, 195, 223],
        [177, 191, 210],
        [190, 204, 223]]], shape=(480, 640, 3), dtype=uint8), array([[[ 58, 109, 158],
        [ 61, 112, 161],
        [ 63, 114, 163],
        ...,
        [ 72, 118, 168],
        [ 64, 108, 158],
        [ 62, 106, 156]],

       [[ 64, 115, 164],
        [ 64, 115, 164],
        [ 67, 118, 167],
        ...,
        [ 57, 103, 153],
        [ 67, 111, 161],
        [ 68, 112, 162]],

       [[ 61, 112, 161],
        [ 62, 113, 162],
        [ 60, 110, 162],
        ...,
        [ 56, 105, 154],
        [ 65, 111, 161],
        [ 66, 112, 162]],

       ...,

       [[196, 205, 233],
        [186, 195, 223],
        [178, 193, 223],
        ...,
        [176, 192, 219],
        [175, 191, 223],
        [172, 188, 220]],

       [[183, 198, 221],
        [174, 189, 212],
        [183, 195, 221],
        ...,
        [175, 197, 221],
        [186, 196, 234],
        [178, 188, 226]],

       [[188, 203, 226],
        [181, 196, 219],
        [184, 196, 222],
        ...,
        [175, 197, 221],
        [178, 188, 226],
        [175, 185, 223]]], shape=(480, 640, 3), dtype=uint8), array([[[ 66, 108, 158],
        [ 68, 110, 160],
        [ 55, 107, 154],
        ...,
        [ 63, 115, 155],
        [ 59, 116, 167],
        [ 55, 112, 163]],

       [[ 61, 103, 153],
        [ 64, 106, 156],
        [ 57, 109, 156],
        ...,
        [ 76, 128, 168],
        [ 54, 111, 162],
        [ 55, 112, 163]],

       [[ 59, 117, 165],
        [ 58, 116, 164],
        [ 58, 115, 161],
        ...,
        [ 61, 113, 160],
        [ 73, 122, 163],
        [ 69, 118, 159]],

       ...,

       [[184, 196, 222],
        [174, 186, 212],
        [167, 187, 221],
        ...,
        [180, 193, 216],
        [188, 199, 227],
        [183, 194, 222]],

       [[189, 195, 219],
        [184, 190, 214],
        [173, 193, 234],
        ...,
        [187, 197, 223],
        [180, 190, 221],
        [180, 190, 221]],

       [[188, 194, 218],
        [182, 188, 212],
        [165, 185, 226],
        ...,
        [185, 195, 221],
        [180, 190, 221],
        [174, 184, 215]]], shape=(480, 640, 3), dtype=uint8), array([[[ 63, 111, 163],
        [ 62, 110, 162],
        [ 65, 117, 159],
        ...,
        [ 54, 109, 155],
        [ 69, 119, 171],
        [ 58, 108, 160]],

       [[ 73, 121, 173],
        [ 64, 112, 164],
        [ 63, 115, 157],
        ...,
        [ 56, 111, 157],
        [ 56, 106, 158],
        [ 56, 106, 158]],

       [[ 74, 123, 172],
        [ 67, 116, 165],
        [ 57, 107, 154],
        ...,
        [ 72, 124, 171],
        [ 60, 110, 162],
        [ 72, 122, 174]],

       ...,

       [[180, 186, 222],
        [180, 186, 222],
        [183, 191, 222],
        ...,
        [179, 196, 226],
        [185, 193, 224],
        [187, 195, 226]],

       [[179, 185, 221],
        [180, 186, 222],
        [185, 193, 224],
        ...,
        [181, 189, 227],
        [178, 191, 226],
        [181, 194, 229]],

       [[179, 185, 221],
        [178, 184, 220],
        [178, 186, 217],
        ...,
        [183, 191, 229],
        [184, 197, 232],
        [184, 197, 232]]], shape=(480, 640, 3), dtype=uint8), array([[[ 63, 113, 165],
        [ 65, 115, 167],
        [ 65, 110, 163],
        ...,
        [ 53, 107, 155],
        [ 66, 121, 167],
        [ 67, 122, 168]],

       [[ 51, 101, 153],
        [ 65, 115, 167],
        [ 59, 104, 157],
        ...,
        [ 54, 108, 156],
        [ 61, 116, 162],
        [ 52, 107, 153]],

       [[ 62, 112, 159],
        [ 59, 109, 156],
        [ 67, 117, 164],
        ...,
        [ 53, 109, 152],
        [ 54, 107, 158],
        [ 53, 106, 157]],

       ...,

       [[176, 186, 212],
        [183, 193, 219],
        [180, 193, 228],
        ...,
        [180, 196, 223],
        [178, 194, 226],
        [177, 193, 225]],

       [[186, 197, 218],
        [187, 198, 219],
        [174, 186, 225],
        ...,
        [164, 181, 211],
        [176, 183, 216],
        [182, 189, 222]],

       [[189, 200, 221],
        [184, 195, 216],
        [174, 186, 225],
        ...,
        [185, 202, 232],
        [179, 186, 219],
        [173, 180, 213]]], shape=(480, 640, 3), dtype=uint8), array([[[ 65, 118, 169],
        [ 61, 114, 165],
        [ 62, 107, 160],
        ...,
        [ 60, 104, 161],
        [ 56, 113, 152],
        [ 58, 115, 154]],

       [[ 68, 121, 172],
        [ 62, 115, 166],
        [ 65, 110, 163],
        ...,
        [ 61, 105, 162],
        [ 65, 122, 161],
        [ 66, 123, 162]],

       [[ 72, 124, 171],
        [ 48, 100, 147],
        [ 67, 117, 164],
        ...,
        [ 66, 115, 164],
        [ 48, 101, 145],
        [ 69, 122, 166]],

       ...,

       [[178, 190, 221],
        [174, 186, 217],
        [190, 202, 233],
        ...,
        [172, 188, 220],
        [184, 192, 223],
        [177, 185, 216]],

       [[171, 181, 217],
        [185, 195, 231],
        [181, 191, 227],
        ...,
        [177, 192, 227],
        [177, 186, 214],
        [182, 191, 219]],

       [[183, 193, 229],
        [183, 193, 229],
        [174, 184, 220],
        ...,
        [182, 197, 232],
        [173, 182, 210],
        [182, 191, 219]]], shape=(480, 640, 3), dtype=uint8), array([[[ 72, 121, 164],
        [ 64, 113, 156],
        [ 64, 132, 178],
        ...,
        [ 72, 118, 168],
        [ 68, 125, 166],
        [ 63, 120, 161]],

       [[ 69, 118, 161],
        [ 73, 122, 165],
        [ 47, 115, 161],
        ...,
        [ 78, 124, 174],
        [ 66, 123, 164],
        [ 67, 124, 165]],

       [[ 71, 115, 160],
        [ 58, 102, 147],
        [ 62, 124, 169],
        ...,
        [ 64, 109, 164],
        [ 55, 109, 157],
        [ 65, 119, 167]],

       ...,

       [[173, 186, 223],
        [174, 187, 224],
        [178, 191, 219],
        ...,
        [178, 188, 219],
        [167, 181, 213],
        [170, 184, 216]],

       [[186, 196, 222],
        [186, 196, 222],
        [185, 194, 227],
        ...,
        [177, 188, 209],
        [179, 197, 224],
        [181, 199, 226]],

       [[180, 190, 216],
        [179, 189, 215],
        [189, 198, 231],
        ...,
        [183, 194, 215],
        [172, 190, 217],
        [183, 201, 228]]], shape=(480, 640, 3), dtype=uint8), array([[[ 55, 119, 157],
        [ 50, 114, 152],
        [ 53, 112, 166],
        ...,
        [ 59, 120, 174],
        [ 67, 121, 163],
        [ 50, 104, 146]],

       [[ 47, 111, 149],
        [ 50, 114, 152],
        [ 57, 116, 170],
        ...,
        [ 54, 115, 169],
        [ 56, 110, 152],
        [ 74, 128, 170]],

       [[ 63, 119, 162],
        [ 53, 109, 152],
        [ 55, 109, 157],
        ...,
        [ 56, 110, 165],
        [ 69, 117, 171],
        [ 64, 112, 166]],

       ...,

       [[185, 198, 226],
        [175, 188, 216],
        [193, 202, 230],
        ...,
        [178, 193, 223],
        [186, 207, 233],
        [170, 191, 217]],

       [[169, 188, 213],
        [183, 202, 227],
        [189, 185, 218],
        ...,
        [189, 207, 234],
        [178, 199, 230],
        [177, 198, 229]],

       [[163, 182, 207],
        [172, 191, 216],
        [190, 186, 219],
        ...,
        [176, 194, 221],
        [165, 186, 217],
        [171, 192, 223]]], shape=(480, 640, 3), dtype=uint8), array([[[ 76, 126, 178],
        [ 51, 101, 153],
        [ 74, 126, 173],
        ...,
        [ 61, 106, 154],
        [ 71, 123, 170],
        [ 67, 119, 166]],

       [[ 54, 104, 156],
        [ 56, 106, 158],
        [ 63, 115, 162],
        ...,
        [ 63, 108, 156],
        [ 63, 115, 162],
        [ 58, 110, 157]],

       [[ 65, 117, 164],
        [ 67, 119, 166],
        [ 69, 119, 171],
        ...,
        [ 64, 109, 157],
        [ 50, 102, 149],
        [ 58, 110, 157]],

       ...,

       [[180, 193, 221],
        [172, 185, 213],
        [178, 192, 224],
        ...,
        [174, 185, 218],
        [185, 195, 221],
        [192, 202, 228]],

       [[178, 189, 217],
        [182, 193, 221],
        [177, 193, 225],
        ...,
        [176, 184, 215],
        [179, 194, 217],
        [188, 203, 226]],

       [[177, 188, 216],
        [177, 188, 216],
        [170, 186, 218],
        ...,
        [184, 192, 223],
        [182, 197, 220],
        [178, 193, 216]]], shape=(480, 640, 3), dtype=uint8), array([[[ 62, 108, 153],
        [ 63, 109, 154],
        [ 67, 130, 172],
        ...,
        [ 71, 121, 173],
        [ 72, 125, 169],
        [ 68, 121, 165]],

       [[ 71, 117, 162],
        [ 77, 123, 168],
        [ 55, 118, 160],
        ...,
        [ 65, 115, 167],
        [ 61, 114, 158],
        [ 60, 113, 157]],

       [[ 57, 107, 154],
        [ 60, 110, 157],
        [ 60, 112, 159],
        ...,
        [ 58, 112, 154],
        [ 56, 106, 158],
        [ 53, 103, 155]],

       ...,

       [[178, 192, 218],
        [175, 189, 215],
        [171, 184, 212],
        ...,
        [174, 191, 216],
        [183, 199, 226],
        [185, 201, 228]],

       [[176, 190, 216],
        [175, 189, 215],
        [182, 195, 223],
        ...,
        [177, 191, 223],
        [175, 191, 223],
        [175, 191, 223]],

       [[179, 193, 219],
        [179, 193, 219],
        [171, 184, 212],
        ...,
        [184, 198, 230],
        [175, 191, 223],
        [174, 190, 222]]], shape=(480, 640, 3), dtype=uint8), array([[[ 74, 121, 164],
        [ 64, 111, 154],
        [ 54, 115, 154],
        ...,
        [ 70, 117, 173],
        [ 60, 111, 155],
        [ 60, 111, 155]],

       [[ 66, 113, 156],
        [ 71, 118, 161],
        [ 54, 115, 154],
        ...,
        [ 62, 109, 165],
        [ 67, 118, 162],
        [ 67, 118, 162]],

       [[ 67, 113, 172],
        [ 65, 111, 170],
        [ 61, 107, 157],
        ...,
        [ 64, 112, 166],
        [ 70, 120, 167],
        [ 60, 110, 157]],

       ...,

       [[185, 198, 219],
        [171, 184, 205],
        [183, 192, 225],
        ...,
        [171, 186, 216],
        [178, 192, 218],
        [187, 201, 227]],

       [[173, 185, 211],
        [178, 190, 216],
        [174, 188, 214],
        ...,
        [165, 182, 212],
        [191, 204, 227],
        [177, 190, 213]],

       [[182, 194, 220],
        [170, 182, 208],
        [186, 200, 226],
        ...,
        [175, 192, 222],
        [181, 194, 217],
        [180, 193, 216]]], shape=(480, 640, 3), dtype=uint8), array([[[ 56, 113, 159],
        [ 70, 127, 173],
        [ 69, 111, 161],
        ...,
        [ 58, 109, 158],
        [ 59, 115, 163],
        [ 63, 119, 167]],

       [[ 57, 114, 160],
        [ 67, 124, 170],
        [ 73, 115, 165],
        ...,
        [ 60, 111, 160],
        [ 65, 121, 169],
        [ 56, 112, 160]],

       [[ 53, 107, 155],
        [ 68, 122, 170],
        [ 66, 115, 156],
        ...,
        [ 64, 113, 162],
        [ 69, 115, 165],
        [ 66, 112, 162]],

       ...,

       [[191, 202, 230],
        [176, 187, 215],
        [190, 201, 229],
        ...,
        [169, 179, 215],
        [183, 195, 226],
        [180, 192, 223]],

       [[178, 186, 210],
        [189, 197, 221],
        [183, 193, 219],
        ...,
        [181, 190, 230],
        [171, 192, 210],
        [181, 202, 220]],

       [[188, 196, 220],
        [179, 187, 211],
        [176, 186, 212],
        ...,
        [181, 190, 230],
        [174, 195, 213],
        [184, 205, 223]]], shape=(480, 640, 3), dtype=uint8), array([[[ 59, 118, 164],
        [ 58, 117, 163],
        [ 58, 112, 160],
        ...,
        [ 70, 130, 173],
        [ 54, 107, 151],
        [ 72, 125, 169]],

       [[ 56, 115, 161],
        [ 58, 117, 163],
        [ 60, 114, 162],
        ...,
        [ 52, 112, 155],
        [ 70, 123, 167],
        [ 68, 121, 165]],

       [[ 62, 107, 162],
        [ 72, 117, 172],
        [ 60, 105, 158],
        ...,
        [ 57, 112, 165],
        [ 60, 113, 166],
        [ 53, 106, 159]],

       ...,

       [[193, 199, 228],
        [186, 192, 221],
        [176, 192, 219],
        ...,
        [177, 199, 228],
        [173, 183, 209],
        [187, 197, 223]],

       [[185, 196, 229],
        [173, 184, 217],
        [178, 182, 216],
        ...,
        [172, 193, 224],
        [196, 205, 233],
        [189, 198, 226]],

       [[168, 179, 212],
        [186, 197, 230],
        [193, 197, 231],
        ...,
        [179, 200, 231],
        [185, 194, 222],
        [197, 206, 234]]], shape=(480, 640, 3), dtype=uint8), array([[[ 64, 113, 162],
        [ 63, 112, 161],
        [ 55, 104, 153],
        ...,
        [ 67, 114, 170],
        [ 65, 115, 162],
        [ 71, 121, 168]],

       [[ 69, 118, 167],
        [ 58, 107, 156],
        [ 56, 105, 154],
        ...,
        [ 62, 109, 165],
        [ 67, 117, 164],
        [ 63, 113, 160]],

       [[ 60, 109, 158],
        [ 65, 114, 163],
        [ 50,  99, 148],
        ...,
        [ 55, 103, 155],
        [ 63, 111, 163],
        [ 57, 105, 157]],

       ...,

       [[179, 195, 222],
        [172, 188, 215],
        [177, 195, 222],
        ...,
        [165, 188, 214],
        [186, 195, 223],
        [177, 186, 214]],

       [[178, 190, 216],
        [191, 203, 229],
        [189, 191, 219],
        ...,
        [160, 189, 212],
        [180, 185, 212],
        [188, 193, 220]],

       [[188, 200, 226],
        [174, 186, 212],
        [191, 193, 221],
        ...,
        [168, 197, 220],
        [190, 195, 222],
        [182, 187, 214]]], shape=(480, 640, 3), dtype=uint8), array([[[ 66, 108, 165],
        [ 64, 106, 163],
        [ 64, 108, 165],
        ...,
        [ 55, 109, 157],
        [ 60, 116, 159],
        [ 60, 116, 159]],

       [[ 64, 106, 163],
        [ 71, 113, 170],
        [ 71, 115, 172],
        ...,
        [ 54, 108, 156],
        [ 56, 112, 155],
        [ 60, 116, 159]],

       [[ 68, 109, 169],
        [ 63, 104, 164],
        [ 68, 114, 164],
        ...,
        [ 47, 102, 148],
        [ 59, 113, 161],
        [ 55, 109, 157]],

       ...,

       [[192, 201, 234],
        [184, 193, 226],
        [167, 182, 212],
        ...,
        [179, 193, 219],
        [182, 196, 222],
        [179, 193, 219]],

       [[183, 194, 222],
        [196, 207, 235],
        [193, 201, 232],
        ...,
        [177, 199, 214],
        [184, 198, 217],
        [181, 195, 214]],

       [[170, 181, 209],
        [181, 192, 220],
        [187, 195, 226],
        ...,
        [176, 198, 213],
        [184, 198, 217],
        [187, 201, 220]]], shape=(480, 640, 3), dtype=uint8), array([[[ 60, 116, 159],
        [ 53, 109, 152],
        [ 63, 106, 159],
        ...,
        [ 67, 115, 169],
        [ 61, 104, 157],
        [ 66, 109, 162]],

       [[ 55, 111, 154],
        [ 61, 117, 160],
        [ 66, 109, 162],
        ...,
        [ 67, 115, 169],
        [ 73, 116, 169],
        [ 68, 111, 164]],

       [[ 60, 111, 160],
        [ 58, 109, 158],
        [ 73, 122, 165],
        ...,
        [ 62, 115, 168],
        [ 53, 107, 149],
        [ 61, 115, 157]],

       ...,

       [[172, 173, 217],
        [189, 190, 234],
        [179, 192, 229],
        ...,
        [176, 188, 214],
        [179, 197, 224],
        [191, 209, 236]],

       [[175, 182, 222],
        [180, 187, 227],
        [184, 188, 231],
        ...,
        [174, 191, 216],
        [178, 197, 222],
        [176, 195, 220]],

       [[180, 187, 227],
        [187, 194, 234],
        [172, 176, 219],
        ...,
        [180, 197, 222],
        [181, 200, 225],
        [175, 194, 219]]], shape=(480, 640, 3), dtype=uint8), array([[[ 69, 123, 171],
        [ 62, 116, 164],
        [ 51, 108, 159],
        ...,
        [ 65, 117, 172],
        [ 68, 113, 168],
        [ 73, 118, 173]],

       [[ 60, 114, 162],
        [ 62, 116, 164],
        [ 56, 113, 164],
        ...,
        [ 59, 111, 166],
        [ 65, 110, 165],
        [ 58, 103, 158]],

       [[ 65, 115, 167],
        [ 65, 115, 167],
        [ 53, 115, 160],
        ...,
        [ 68, 125, 164],
        [ 66, 115, 156],
        [ 68, 117, 158]],

       ...,

       [[176, 185, 213],
        [186, 195, 223],
        [175, 188, 216],
        ...,
        [184, 194, 225],
        [171, 186, 216],
        [164, 179, 209]],

       [[180, 192, 218],
        [188, 200, 226],
        [180, 197, 222],
        ...,
        [185, 193, 229],
        [171, 184, 212],
        [175, 188, 216]],

       [[181, 193, 219],
        [177, 189, 215],
        [177, 194, 219],
        ...,
        [185, 193, 229],
        [179, 192, 220],
        [186, 199, 227]]], shape=(480, 640, 3), dtype=uint8), array([[[ 56, 117, 158],
        [ 52, 113, 154],
        [ 56, 111, 157],
        ...,
        [ 71, 117, 162],
        [ 73, 121, 166],
        [ 60, 108, 153]],

       [[ 50, 111, 152],
        [ 58, 119, 160],
        [ 60, 115, 161],
        ...,
        [ 74, 120, 165],
        [ 60, 108, 153],
        [ 72, 120, 165]],

       [[ 72, 115, 163],
        [ 76, 119, 167],
        [ 63, 112, 161],
        ...,
        [ 73, 118, 171],
        [ 61, 111, 163],
        [ 61, 111, 163]],

       ...,

       [[187, 200, 223],
        [185, 198, 221],
        [182, 192, 223],
        ...,
        [174, 188, 214],
        [183, 195, 226],
        [174, 186, 217]],

       [[184, 197, 220],
        [184, 197, 220],
        [175, 184, 217],
        ...,
        [174, 189, 212],
        [175, 186, 219],
        [181, 192, 225]],

       [[178, 191, 214],
        [180, 193, 216],
        [182, 191, 224],
        ...,
        [174, 189, 212],
        [169, 180, 213],
        [174, 185, 218]]], shape=(480, 640, 3), dtype=uint8), array([[[ 63, 113, 165],
        [ 57, 107, 159],
        [ 72, 126, 166],
        ...,
        [ 75, 112, 170],
        [ 71, 119, 164],
        [ 66, 114, 159]],

       [[ 71, 121, 173],
        [ 60, 110, 162],
        [ 60, 114, 154],
        ...,
        [ 59,  96, 154],
        [ 48,  96, 141],
        [ 60, 108, 153]],

       [[ 56, 107, 156],
        [ 61, 112, 161],
        [ 64, 118, 160],
        ...,
        [ 62, 115, 159],
        [ 51, 101, 153],
        [ 62, 112, 164]],

       ...,

       [[175, 185, 216],
        [174, 184, 215],
        [182, 192, 223],
        ...,
        [171, 197, 221],
        [180, 187, 220],
        [186, 193, 226]],

       [[180, 189, 217],
        [186, 195, 223],
        [184, 192, 223],
        ...,
        [177, 201, 218],
        [180, 188, 224],
        [184, 192, 228]],

       [[176, 185, 213],
        [191, 200, 228],
        [175, 183, 214],
        ...,
        [167, 191, 208],
        [182, 190, 226],
        [174, 182, 218]]], shape=(480, 640, 3), dtype=uint8), array([[[ 63, 105, 155],
        [ 68, 110, 160],
        [ 61, 117, 165],
        ...,
        [ 63, 113, 160],
        [ 60, 108, 160],
        [ 60, 108, 160]],

       [[ 71, 113, 163],
        [ 68, 110, 160],
        [ 65, 121, 169],
        ...,
        [ 74, 124, 171],
        [ 69, 117, 169],
        [ 66, 114, 166]],

       [[ 68, 118, 170],
        [ 69, 119, 171],
        [ 63, 120, 166],
        ...,
        [ 58, 111, 155],
        [ 66, 108, 165],
        [ 66, 108, 165]],

       ...,

       [[190, 202, 228],
        [182, 194, 220],
        [167, 181, 213],
        ...,
        [185, 193, 217],
        [183, 195, 226],
        [182, 194, 225]],

       [[183, 206, 219],
        [181, 204, 217],
        [185, 196, 217],
        ...,
        [167, 181, 207],
        [182, 200, 227],
        [183, 201, 228]],

       [[165, 188, 201],
        [176, 199, 212],
        [192, 203, 224],
        ...,
        [174, 188, 214],
        [167, 185, 212],
        [186, 204, 231]]], shape=(480, 640, 3), dtype=uint8)]","[0.0, 0.5, 1.0, 1.5, 2.0, 2.5, 3.0, 3.5, 4.0, 4.5, 5.0, 5.5, 6.0, 6.5, 7.0, 7.5, 8.0, 8.5, 9.0, 9.5, 10.0, 10.5, 11.0, 11.5, 12.0, 12.5, 13.0, 13.5, 14.0, 14.5]"
OpenCV Keyframes,0.7050393422444662,0.02238179503166304,1,1.4183605652651066,0.06666666666666667,True,"[array([[[ 55, 125, 166],
        [ 48, 118, 159],
        [ 65, 124, 170],
        ...,
        [ 61, 108, 156],
        [ 66, 116, 163],
        [ 60, 110, 157]],

       [[ 44, 114, 155],
        [ 57, 127, 168],
        [ 54, 113, 159],
        ...,
        [ 61, 108, 156],
        [ 63, 113, 160],
        [ 64, 114, 161]],

       [[ 52, 114, 166],
        [ 57, 119, 171],
        [ 65, 115, 167],
        ...,
        [ 71, 121, 168],
        [ 66, 113, 161],
        [ 62, 109, 157]],

       ...,

       [[181, 192, 220],
        [178, 189, 217],
        [167, 179, 210],
        ...,
        [186, 204, 231],
        [185, 202, 227],
        [176, 193, 218]],

       [[181, 200, 225],
        [171, 190, 215],
        [180, 185, 217],
        ...,
        [177, 188, 216],
        [185, 200, 223],
        [180, 195, 218]],

       [[179, 198, 223],
        [183, 202, 227],
        [191, 196, 228],
        ...,
        [176, 187, 215],
        [173, 188, 211],
        [181, 196, 219]]], shape=(480, 640, 3), dtype=uint8)]",[0.0]
ImageIO,0.5359994570414225,0.023769804442921014,30,55.970205950566054,2.0,True,"[array([[[ 55, 125, 166],
        [ 48, 118, 159],
        [ 65, 124, 170],
        ...,
        [ 61, 108, 156],
        [ 66, 116, 163],
        [ 60, 110, 157]],

       [[ 44, 114, 155],
        [ 57, 127, 168],
        [ 54, 113, 159],
        ...,
        [ 61, 108, 156],
        [ 63, 113, 160],
        [ 64, 114, 161]],

       [[ 52, 114, 166],
        [ 57, 119, 171],
        [ 65, 115, 167],
        ...,
        [ 71, 121, 168],
        [ 66, 113, 161],
        [ 62, 109, 157]],

       ...,

       [[181, 192, 220],
        [178, 189, 217],
        [167, 179, 210],
        ...,
        [186, 204, 231],
        [185, 202, 227],
        [176, 193, 218]],

       [[181, 200, 225],
        [171, 190, 215],
        [180, 185, 217],
        ...,
        [177, 188, 216],
        [185, 200, 223],
        [180, 195, 218]],

       [[179, 198, 223],
        [183, 202, 227],
        [191, 196, 228],
        ...,
        [176, 187, 215],
        [173, 188, 211],
        [181, 196, 219]]], shape=(480, 640, 3), dtype=uint8), array([[[ 67, 115, 167],
        [ 66, 114, 166],
        [ 65, 106, 159],
        ...,
        [ 72, 118, 177],
        [ 75, 128, 172],
        [ 57, 110, 154]],

       [[ 70, 118, 170],
        [ 60, 108, 160],
        [ 61, 102, 155],
        ...,
        [ 63, 109, 168],
        [ 55, 108, 152],
        [ 64, 117, 161]],

       [[ 69, 117, 171],
        [ 60, 108, 162],
        [ 73, 116, 164],
        ...,
        [ 50, 110, 146],
        [ 46, 105, 159],
        [ 50, 109, 163]],

       ...,

       [[194, 209, 230],
        [182, 197, 218],
        [180, 190, 221],
        ...,
        [184, 190, 219],
        [185, 188, 225],
        [181, 184, 221]],

       [[179, 189, 225],
        [180, 190, 226],
        [181, 194, 222],
        ...,
        [179, 188, 216],
        [180, 181, 220],
        [173, 174, 213]],

       [[181, 191, 227],
        [188, 198, 234],
        [180, 193, 221],
        ...,
        [180, 189, 217],
        [186, 187, 226],
        [186, 187, 226]]], shape=(480, 640, 3), dtype=uint8), array([[[ 60, 119, 160],
        [ 56, 115, 156],
        [ 64, 118, 173],
        ...,
        [ 74, 120, 165],
        [ 57, 106, 162],
        [ 69, 118, 174]],

       [[ 58, 117, 158],
        [ 61, 120, 161],
        [ 59, 113, 168],
        ...,
        [ 57, 103, 148],
        [ 69, 118, 174],
        [ 57, 106, 162]],

       [[ 49, 106, 147],
        [ 65, 122, 163],
        [ 66, 119, 172],
        ...,
        [ 57, 109, 151],
        [ 57, 111, 166],
        [ 53, 107, 162]],

       ...,

       [[179, 190, 223],
        [179, 190, 223],
        [169, 186, 216],
        ...,
        [183, 197, 229],
        [173, 181, 217],
        [180, 188, 224]],

       [[170, 184, 216],
        [179, 193, 225],
        [174, 194, 223],
        ...,
        [174, 199, 218],
        [174, 182, 225],
        [173, 181, 224]],

       [[173, 187, 219],
        [183, 197, 229],
        [166, 186, 215],
        ...,
        [168, 193, 212],
        [168, 176, 219],
        [175, 183, 226]]], shape=(480, 640, 3), dtype=uint8), array([[[ 66, 115, 164],
        [ 58, 107, 156],
        [ 58, 112, 154],
        ...,
        [ 55, 106, 164],
        [ 65, 118, 169],
        [ 56, 109, 160]],

       [[ 71, 120, 169],
        [ 65, 114, 163],
        [ 70, 124, 166],
        ...,
        [ 56, 107, 165],
        [ 61, 114, 165],
        [ 56, 109, 160]],

       [[ 54, 111, 157],
        [ 60, 117, 163],
        [ 56, 112, 155],
        ...,
        [ 72, 127, 178],
        [ 59, 118, 164],
        [ 56, 115, 161]],

       ...,

       [[183, 200, 225],
        [177, 194, 219],
        [188, 201, 229],
        ...,
        [184, 194, 225],
        [174, 184, 215],
        [185, 195, 226]],

       [[184, 189, 221],
        [182, 187, 219],
        [184, 194, 220],
        ...,
        [194, 204, 235],
        [182, 192, 223],
        [180, 190, 221]],

       [[187, 192, 224],
        [182, 187, 219],
        [182, 192, 218],
        ...,
        [183, 193, 224],
        [184, 194, 225],
        [178, 188, 219]]], shape=(480, 640, 3), dtype=uint8), array([[[ 57, 104, 160],
        [ 67, 114, 170],
        [ 54, 106, 153],
        ...,
        [ 69, 123, 165],
        [ 57, 111, 151],
        [ 65, 119, 159]],

       [[ 69, 116, 172],
        [ 60, 107, 163],
        [ 60, 112, 159],
        ...,
        [ 60, 114, 156],
        [ 61, 115, 155],
        [ 58, 112, 152]],

       [[ 66, 115, 164],
        [ 69, 118, 167],
        [ 57, 108, 152],
        ...,
        [ 62, 109, 157],
        [ 72, 129, 170],
        [ 61, 118, 159]],

       ...,

       [[186, 198, 229],
        [174, 186, 217],
        [176, 188, 219],
        ...,
        [185, 193, 229],
        [182, 190, 228],
        [173, 181, 219]],

       [[178, 190, 221],
        [178, 190, 221],
        [181, 196, 226],
        ...,
        [175, 187, 213],
        [188, 197, 230],
        [182, 191, 224]],

       [[174, 186, 217],
        [185, 197, 228],
        [181, 196, 226],
        ...,
        [181, 193, 219],
        [177, 186, 219],
        [187, 196, 229]]], shape=(480, 640, 3), dtype=uint8), array([[[ 69, 112, 160],
        [ 63, 106, 154],
        [ 71, 116, 157],
        ...,
        [ 60, 109, 165],
        [ 56, 106, 158],
        [ 64, 114, 166]],

       [[ 72, 115, 163],
        [ 64, 107, 155],
        [ 72, 117, 158],
        ...,
        [ 55, 104, 160],
        [ 58, 108, 160],
        [ 51, 101, 153]],

       [[ 66, 118, 158],
        [ 59, 111, 151],
        [ 51,  99, 151],
        ...,
        [ 60, 114, 162],
        [ 66, 119, 172],
        [ 63, 116, 169]],

       ...,

       [[182, 195, 223],
        [178, 191, 219],
        [179, 190, 223],
        ...,
        [183, 190, 223],
        [172, 191, 222],
        [180, 199, 230]],

       [[180, 193, 230],
        [181, 194, 231],
        [169, 192, 223],
        ...,
        [184, 186, 220],
        [170, 191, 222],
        [173, 194, 225]],

       [[186, 199, 236],
        [167, 180, 217],
        [171, 194, 225],
        ...,
        [190, 192, 226],
        [167, 188, 219],
        [170, 191, 222]]], shape=(480, 640, 3), dtype=uint8), array([[[ 60, 106, 156],
        [ 68, 114, 164],
        [ 70, 112, 162],
        ...,
        [ 62, 108, 167],
        [ 54, 107, 165],
        [ 52, 105, 163]],

       [[ 69, 115, 165],
        [ 67, 113, 163],
        [ 66, 108, 158],
        ...,
        [ 65, 111, 170],
        [ 53, 106, 164],
        [ 54, 107, 165]],

       [[ 60, 106, 156],
        [ 60, 106, 156],
        [ 62, 108, 158],
        ...,
        [ 64, 112, 164],
        [ 58, 111, 162],
        [ 60, 113, 164]],

       ...,

       [[173, 187, 213],
        [182, 196, 222],
        [189, 201, 232],
        ...,
        [185, 195, 231],
        [178, 188, 224],
        [180, 190, 226]],

       [[173, 186, 221],
        [188, 201, 236],
        [178, 198, 218],
        ...,
        [176, 193, 223],
        [190, 198, 229],
        [177, 185, 216]],

       [[174, 187, 222],
        [185, 198, 233],
        [176, 196, 216],
        ...,
        [175, 192, 222],
        [183, 191, 222],
        [187, 195, 226]]], shape=(480, 640, 3), dtype=uint8), array([[[ 74, 121, 162],
        [ 68, 115, 156],
        [ 58, 111, 164],
        ...,
        [ 44, 103, 149],
        [ 63, 107, 157],
        [ 70, 114, 164]],

       [[ 61, 108, 149],
        [ 74, 121, 162],
        [ 53, 106, 159],
        ...,
        [ 57, 116, 162],
        [ 74, 118, 168],
        [ 70, 114, 164]],

       [[ 62, 106, 156],
        [ 64, 108, 158],
        [ 66, 114, 166],
        ...,
        [ 56, 108, 163],
        [ 64, 114, 161],
        [ 65, 115, 162]],

       ...,

       [[175, 186, 214],
        [191, 202, 230],
        [177, 186, 219],
        ...,
        [190, 200, 238],
        [183, 191, 234],
        [190, 198, 241]],

       [[175, 188, 209],
        [180, 193, 214],
        [171, 180, 220],
        ...,
        [178, 187, 234],
        [179, 184, 236],
        [188, 193, 245]],

       [[185, 198, 219],
        [184, 197, 218],
        [178, 187, 227],
        ...,
        [177, 186, 233],
        [180, 185, 237],
        [178, 183, 235]]], shape=(480, 640, 3), dtype=uint8), array([[[ 56, 104, 156],
        [ 59, 107, 159],
        [ 67, 116, 165],
        ...,
        [ 62, 115, 159],
        [ 71, 122, 171],
        [ 72, 123, 172]],

       [[ 70, 118, 170],
        [ 65, 113, 165],
        [ 74, 123, 172],
        ...,
        [ 64, 117, 161],
        [ 60, 111, 160],
        [ 62, 113, 162]],

       [[ 63, 110, 166],
        [ 58, 105, 161],
        [ 62, 108, 158],
        ...,
        [ 61, 114, 158],
        [ 76, 127, 176],
        [ 70, 121, 170]],

       ...,

       [[181, 198, 223],
        [171, 188, 213],
        [167, 179, 210],
        ...,
        [183, 193, 224],
        [190, 201, 229],
        [178, 189, 217]],

       [[178, 197, 222],
        [169, 188, 213],
        [161, 181, 210],
        ...,
        [176, 186, 217],
        [180, 188, 226],
        [184, 192, 230]],

       [[177, 196, 221],
        [170, 189, 214],
        [177, 197, 226],
        ...,
        [175, 185, 216],
        [182, 190, 228],
        [178, 186, 224]]], shape=(480, 640, 3), dtype=uint8), array([[[ 67, 114, 170],
        [ 63, 110, 166],
        [ 57, 119, 171],
        ...,
        [ 83, 111, 162],
        [ 58, 126, 167],
        [ 44, 112, 153]],

       [[ 62, 109, 165],
        [ 57, 104, 160],
        [ 46, 108, 160],
        ...,
        [ 87, 115, 166],
        [ 50, 118, 159],
        [ 55, 123, 164]],

       [[ 64, 112, 164],
        [ 66, 114, 166],
        [ 58, 115, 156],
        ...,
        [ 68, 111, 166],
        [ 66, 120, 168],
        [ 65, 119, 167]],

       ...,

       [[181, 198, 223],
        [180, 197, 222],
        [180, 196, 223],
        ...,
        [188, 200, 226],
        [180, 188, 219],
        [183, 191, 222]],

       [[179, 194, 224],
        [176, 191, 221],
        [179, 193, 225],
        ...,
        [178, 188, 219],
        [187, 194, 221],
        [181, 188, 215]],

       [[178, 193, 223],
        [177, 192, 222],
        [181, 195, 227],
        ...,
        [184, 194, 225],
        [191, 198, 225],
        [184, 191, 218]]], shape=(480, 640, 3), dtype=uint8), array([[[ 69, 116, 172],
        [ 74, 121, 177],
        [ 56, 110, 152],
        ...,
        [ 55, 109, 151],
        [ 62, 116, 158],
        [ 72, 126, 168]],

       [[ 71, 118, 174],
        [ 58, 105, 161],
        [ 58, 112, 154],
        ...,
        [ 62, 116, 158],
        [ 50, 104, 146],
        [ 64, 118, 160]],

       [[ 71, 116, 169],
        [ 65, 110, 163],
        [ 52, 107, 158],
        ...,
        [ 71, 122, 171],
        [ 60, 114, 154],
        [ 65, 119, 159]],

       ...,

       [[184, 191, 224],
        [186, 193, 226],
        [187, 198, 226],
        ...,
        [175, 186, 214],
        [190, 204, 223],
        [188, 202, 221]],

       [[177, 195, 229],
        [175, 193, 227],
        [185, 185, 213],
        ...,
        [180, 191, 219],
        [184, 198, 217],
        [177, 191, 210]],

       [[173, 191, 225],
        [172, 190, 224],
        [186, 186, 214],
        ...,
        [184, 195, 223],
        [177, 191, 210],
        [190, 204, 223]]], shape=(480, 640, 3), dtype=uint8), array([[[ 58, 109, 158],
        [ 61, 112, 161],
        [ 63, 114, 163],
        ...,
        [ 72, 118, 168],
        [ 64, 108, 158],
        [ 62, 106, 156]],

       [[ 64, 115, 164],
        [ 64, 115, 164],
        [ 67, 118, 167],
        ...,
        [ 57, 103, 153],
        [ 67, 111, 161],
        [ 68, 112, 162]],

       [[ 61, 112, 161],
        [ 62, 113, 162],
        [ 60, 110, 162],
        ...,
        [ 56, 105, 154],
        [ 65, 111, 161],
        [ 66, 112, 162]],

       ...,

       [[196, 205, 233],
        [186, 195, 223],
        [178, 193, 223],
        ...,
        [176, 192, 219],
        [175, 191, 223],
        [172, 188, 220]],

       [[183, 198, 221],
        [174, 189, 212],
        [183, 195, 221],
        ...,
        [175, 197, 221],
        [186, 196, 234],
        [178, 188, 226]],

       [[188, 203, 226],
        [181, 196, 219],
        [184, 196, 222],
        ...,
        [175, 197, 221],
        [178, 188, 226],
        [175, 185, 223]]], shape=(480, 640, 3), dtype=uint8), array([[[ 66, 108, 158],
        [ 68, 110, 160],
        [ 55, 107, 154],
        ...,
        [ 63, 115, 155],
        [ 59, 116, 167],
        [ 55, 112, 163]],

       [[ 61, 103, 153],
        [ 64, 106, 156],
        [ 57, 109, 156],
        ...,
        [ 76, 128, 168],
        [ 54, 111, 162],
        [ 55, 112, 163]],

       [[ 59, 117, 165],
        [ 58, 116, 164],
        [ 58, 115, 161],
        ...,
        [ 61, 113, 160],
        [ 73, 122, 163],
        [ 69, 118, 159]],

       ...,

       [[184, 196, 222],
        [174, 186, 212],
        [167, 187, 221],
        ...,
        [180, 193, 216],
        [188, 199, 227],
        [183, 194, 222]],

       [[189, 195, 219],
        [184, 190, 214],
        [173, 193, 234],
        ...,
        [187, 197, 223],
        [180, 190, 221],
        [180, 190, 221]],

       [[188, 194, 218],
        [182, 188, 212],
        [165, 185, 226],
        ...,
        [185, 195, 221],
        [180, 190, 221],
        [174, 184, 215]]], shape=(480, 640, 3), dtype=uint8), array([[[ 63, 111, 163],
        [ 62, 110, 162],
        [ 65, 117, 159],
        ...,
        [ 54, 109, 155],
        [ 69, 119, 171],
        [ 58, 108, 160]],

       [[ 73, 121, 173],
        [ 64, 112, 164],
        [ 63, 115, 157],
        ...,
        [ 56, 111, 157],
        [ 56, 106, 158],
        [ 56, 106, 158]],

       [[ 74, 123, 172],
        [ 67, 116, 165],
        [ 57, 107, 154],
        ...,
        [ 72, 124, 171],
        [ 60, 110, 162],
        [ 72, 122, 174]],

       ...,

       [[180, 186, 222],
        [180, 186, 222],
        [183, 191, 222],
        ...,
        [179, 196, 226],
        [185, 193, 224],
        [187, 195, 226]],

       [[179, 185, 221],
        [180, 186, 222],
        [185, 193, 224],
        ...,
        [181, 189, 227],
        [178, 191, 226],
        [181, 194, 229]],

       [[179, 185, 221],
        [178, 184, 220],
        [178, 186, 217],
        ...,
        [183, 191, 229],
        [184, 197, 232],
        [184, 197, 232]]], shape=(480, 640, 3), dtype=uint8), array([[[ 63, 113, 165],
        [ 65, 115, 167],
        [ 65, 110, 163],
        ...,
        [ 53, 107, 155],
        [ 66, 121, 167],
        [ 67, 122, 168]],

       [[ 51, 101, 153],
        [ 65, 115, 167],
        [ 59, 104, 157],
        ...,
        [ 54, 108, 156],
        [ 61, 116, 162],
        [ 52, 107, 153]],

       [[ 62, 112, 159],
        [ 59, 109, 156],
        [ 67, 117, 164],
        ...,
        [ 53, 109, 152],
        [ 54, 107, 158],
        [ 53, 106, 157]],

       ...,

       [[176, 186, 212],
        [183, 193, 219],
        [180, 193, 228],
        ...,
        [180, 196, 223],
        [178, 194, 226],
        [177, 193, 225]],

       [[186, 197, 218],
        [187, 198, 219],
        [174, 186, 225],
        ...,
        [164, 181, 211],
        [176, 183, 216],
        [182, 189, 222]],

       [[189, 200, 221],
        [184, 195, 216],
        [174, 186, 225],
        ...,
        [185, 202, 232],
        [179, 186, 219],
        [173, 180, 213]]], shape=(480, 640, 3), dtype=uint8), array([[[ 65, 118, 169],
        [ 61, 114, 165],
        [ 62, 107, 160],
        ...,
        [ 60, 104, 161],
        [ 56, 113, 152],
        [ 58, 115, 154]],

       [[ 68, 121, 172],
        [ 62, 115, 166],
        [ 65, 110, 163],
        ...,
        [ 61, 105, 162],
        [ 65, 122, 161],
        [ 66, 123, 162]],

       [[ 72, 124, 171],
        [ 48, 100, 147],
        [ 67, 117, 164],
        ...,
        [ 66, 115, 164],
        [ 48, 101, 145],
        [ 69, 122, 166]],

       ...,

       [[178, 190, 221],
        [174, 186, 217],
        [190, 202, 233],
        ...,
        [172, 188, 220],
        [184, 192, 223],
        [177, 185, 216]],

       [[171, 181, 217],
        [185, 195, 231],
        [181, 191, 227],
        ...,
        [177, 192, 227],
        [177, 186, 214],
        [182, 191, 219]],

       [[183, 193, 229],
        [183, 193, 229],
        [174, 184, 220],
        ...,
        [182, 197, 232],
        [173, 182, 210],
        [182, 191, 219]]], shape=(480, 640, 3), dtype=uint8), array([[[ 72, 121, 164],
        [ 64, 113, 156],
        [ 64, 132, 178],
        ...,
        [ 72, 118, 168],
        [ 68, 125, 166],
        [ 63, 120, 161]],

       [[ 69, 118, 161],
        [ 73, 122, 165],
        [ 47, 115, 161],
        ...,
        [ 78, 124, 174],
        [ 66, 123, 164],
        [ 67, 124, 165]],

       [[ 71, 115, 160],
        [ 58, 102, 147],
        [ 62, 124, 169],
        ...,
        [ 64, 109, 164],
        [ 55, 109, 157],
        [ 65, 119, 167]],

       ...,

       [[173, 186, 223],
        [174, 187, 224],
        [178, 191, 219],
        ...,
        [178, 188, 219],
        [167, 181, 213],
        [170, 184, 216]],

       [[186, 196, 222],
        [186, 196, 222],
        [185, 194, 227],
        ...,
        [177, 188, 209],
        [179, 197, 224],
        [181, 199, 226]],

       [[180, 190, 216],
        [179, 189, 215],
        [189, 198, 231],
        ...,
        [183, 194, 215],
        [172, 190, 217],
        [183, 201, 228]]], shape=(480, 640, 3), dtype=uint8), array([[[ 55, 119, 157],
        [ 50, 114, 152],
        [ 53, 112, 166],
        ...,
        [ 59, 120, 174],
        [ 67, 121, 163],
        [ 50, 104, 146]],

       [[ 47, 111, 149],
        [ 50, 114, 152],
        [ 57, 116, 170],
        ...,
        [ 54, 115, 169],
        [ 56, 110, 152],
        [ 74, 128, 170]],

       [[ 63, 119, 162],
        [ 53, 109, 152],
        [ 55, 109, 157],
        ...,
        [ 56, 110, 165],
        [ 69, 117, 171],
        [ 64, 112, 166]],

       ...,

       [[185, 198, 226],
        [175, 188, 216],
        [193, 202, 230],
        ...,
        [178, 193, 223],
        [186, 207, 233],
        [170, 191, 217]],

       [[169, 188, 213],
        [183, 202, 227],
        [189, 185, 218],
        ...,
        [189, 207, 234],
        [178, 199, 230],
        [177, 198, 229]],

       [[163, 182, 207],
        [172, 191, 216],
        [190, 186, 219],
        ...,
        [176, 194, 221],
        [165, 186, 217],
        [171, 192, 223]]], shape=(480, 640, 3), dtype=uint8), array([[[ 76, 126, 178],
        [ 51, 101, 153],
        [ 74, 126, 173],
        ...,
        [ 61, 106, 154],
        [ 71, 123, 170],
        [ 67, 119, 166]],

       [[ 54, 104, 156],
        [ 56, 106, 158],
        [ 63, 115, 162],
        ...,
        [ 63, 108, 156],
        [ 63, 115, 162],
        [ 58, 110, 157]],

       [[ 65, 117, 164],
        [ 67, 119, 166],
        [ 69, 119, 171],
        ...,
        [ 64, 109, 157],
        [ 50, 102, 149],
        [ 58, 110, 157]],

       ...,

       [[180, 193, 221],
        [172, 185, 213],
        [178, 192, 224],
        ...,
        [174, 185, 218],
        [185, 195, 221],
        [192, 202, 228]],

       [[178, 189, 217],
        [182, 193, 221],
        [177, 193, 225],
        ...,
        [176, 184, 215],
        [179, 194, 217],
        [188, 203, 226]],

       [[177, 188, 216],
        [177, 188, 216],
        [170, 186, 218],
        ...,
        [184, 192, 223],
        [182, 197, 220],
        [178, 193, 216]]], shape=(480, 640, 3), dtype=uint8), array([[[ 62, 108, 153],
        [ 63, 109, 154],
        [ 67, 130, 172],
        ...,
        [ 71, 121, 173],
        [ 72, 125, 169],
        [ 68, 121, 165]],

       [[ 71, 117, 162],
        [ 77, 123, 168],
        [ 55, 118, 160],
        ...,
        [ 65, 115, 167],
        [ 61, 114, 158],
        [ 60, 113, 157]],

       [[ 57, 107, 154],
        [ 60, 110, 157],
        [ 60, 112, 159],
        ...,
        [ 58, 112, 154],
        [ 56, 106, 158],
        [ 53, 103, 155]],

       ...,

       [[178, 192, 218],
        [175, 189, 215],
        [171, 184, 212],
        ...,
        [174, 191, 216],
        [183, 199, 226],
        [185, 201, 228]],

       [[176, 190, 216],
        [175, 189, 215],
        [182, 195, 223],
        ...,
        [177, 191, 223],
        [175, 191, 223],
        [175, 191, 223]],

       [[179, 193, 219],
        [179, 193, 219],
        [171, 184, 212],
        ...,
        [184, 198, 230],
        [175, 191, 223],
        [174, 190, 222]]], shape=(480, 640, 3), dtype=uint8), array([[[ 74, 121, 164],
        [ 64, 111, 154],
        [ 54, 115, 154],
        ...,
        [ 70, 117, 173],
        [ 60, 111, 155],
        [ 60, 111, 155]],

       [[ 66, 113, 156],
        [ 71, 118, 161],
        [ 54, 115, 154],
        ...,
        [ 62, 109, 165],
        [ 67, 118, 162],
        [ 67, 118, 162]],

       [[ 67, 113, 172],
        [ 65, 111, 170],
        [ 61, 107, 157],
        ...,
        [ 64, 112, 166],
        [ 70, 120, 167],
        [ 60, 110, 157]],

       ...,

       [[185, 198, 219],
        [171, 184, 205],
        [183, 192, 225],
        ...,
        [171, 186, 216],
        [178, 192, 218],
        [187, 201, 227]],

       [[173, 185, 211],
        [178, 190, 216],
        [174, 188, 214],
        ...,
        [165, 182, 212],
        [191, 204, 227],
        [177, 190, 213]],

       [[182, 194, 220],
        [170, 182, 208],
        [186, 200, 226],
        ...,
        [175, 192, 222],
        [181, 194, 217],
        [180, 193, 216]]], shape=(480, 640, 3), dtype=uint8), array([[[ 56, 113, 159],
        [ 70, 127, 173],
        [ 69, 111, 161],
        ...,
        [ 58, 109, 158],
        [ 59, 115, 163],
        [ 63, 119, 167]],

       [[ 57, 114, 160],
        [ 67, 124, 170],
        [ 73, 115, 165],
        ...,
        [ 60, 111, 160],
        [ 65, 121, 169],
        [ 56, 112, 160]],

       [[ 53, 107, 155],
        [ 68, 122, 170],
        [ 66, 115, 156],
        ...,
        [ 64, 113, 162],
        [ 69, 115, 165],
        [ 66, 112, 162]],

       ...,

       [[191, 202, 230],
        [176, 187, 215],
        [190, 201, 229],
        ...,
        [169, 179, 215],
        [183, 195, 226],
        [180, 192, 223]],

       [[178, 186, 210],
        [189, 197, 221],
        [183, 193, 219],
        ...,
        [181, 190, 230],
        [171, 192, 210],
        [181, 202, 220]],

       [[188, 196, 220],
        [179, 187, 211],
        [176, 186, 212],
        ...,
        [181, 190, 230],
        [174, 195, 213],
        [184, 205, 223]]], shape=(480, 640, 3), dtype=uint8), array([[[ 59, 118, 164],
        [ 58, 117, 163],
        [ 58, 112, 160],
        ...,
        [ 70, 130, 173],
        [ 54, 107, 151],
        [ 72, 125, 169]],

       [[ 56, 115, 161],
        [ 58, 117, 163],
        [ 60, 114, 162],
        ...,
        [ 52, 112, 155],
        [ 70, 123, 167],
        [ 68, 121, 165]],

       [[ 62, 107, 162],
        [ 72, 117, 172],
        [ 60, 105, 158],
        ...,
        [ 57, 112, 165],
        [ 60, 113, 166],
        [ 53, 106, 159]],

       ...,

       [[193, 199, 228],
        [186, 192, 221],
        [176, 192, 219],
        ...,
        [177, 199, 228],
        [173, 183, 209],
        [187, 197, 223]],

       [[185, 196, 229],
        [173, 184, 217],
        [178, 182, 216],
        ...,
        [172, 193, 224],
        [196, 205, 233],
        [189, 198, 226]],

       [[168, 179, 212],
        [186, 197, 230],
        [193, 197, 231],
        ...,
        [179, 200, 231],
        [185, 194, 222],
        [197, 206, 234]]], shape=(480, 640, 3), dtype=uint8), array([[[ 64, 113, 162],
        [ 63, 112, 161],
        [ 55, 104, 153],
        ...,
        [ 67, 114, 170],
        [ 65, 115, 162],
        [ 71, 121, 168]],

       [[ 69, 118, 167],
        [ 58, 107, 156],
        [ 56, 105, 154],
        ...,
        [ 62, 109, 165],
        [ 67, 117, 164],
        [ 63, 113, 160]],

       [[ 60, 109, 158],
        [ 65, 114, 163],
        [ 50,  99, 148],
        ...,
        [ 55, 103, 155],
        [ 63, 111, 163],
        [ 57, 105, 157]],

       ...,

       [[179, 195, 222],
        [172, 188, 215],
        [177, 195, 222],
        ...,
        [165, 188, 214],
        [186, 195, 223],
        [177, 186, 214]],

       [[178, 190, 216],
        [191, 203, 229],
        [189, 191, 219],
        ...,
        [160, 189, 212],
        [180, 185, 212],
        [188, 193, 220]],

       [[188, 200, 226],
        [174, 186, 212],
        [191, 193, 221],
        ...,
        [168, 197, 220],
        [190, 195, 222],
        [182, 187, 214]]], shape=(480, 640, 3), dtype=uint8), array([[[ 66, 108, 165],
        [ 64, 106, 163],
        [ 64, 108, 165],
        ...,
        [ 55, 109, 157],
        [ 60, 116, 159],
        [ 60, 116, 159]],

       [[ 64, 106, 163],
        [ 71, 113, 170],
        [ 71, 115, 172],
        ...,
        [ 54, 108, 156],
        [ 56, 112, 155],
        [ 60, 116, 159]],

       [[ 68, 109, 169],
        [ 63, 104, 164],
        [ 68, 114, 164],
        ...,
        [ 47, 102, 148],
        [ 59, 113, 161],
        [ 55, 109, 157]],

       ...,

       [[192, 201, 234],
        [184, 193, 226],
        [167, 182, 212],
        ...,
        [179, 193, 219],
        [182, 196, 222],
        [179, 193, 219]],

       [[183, 194, 222],
        [196, 207, 235],
        [193, 201, 232],
        ...,
        [177, 199, 214],
        [184, 198, 217],
        [181, 195, 214]],

       [[170, 181, 209],
        [181, 192, 220],
        [187, 195, 226],
        ...,
        [176, 198, 213],
        [184, 198, 217],
        [187, 201, 220]]], shape=(480, 640, 3), dtype=uint8), array([[[ 60, 116, 159],
        [ 53, 109, 152],
        [ 63, 106, 159],
        ...,
        [ 67, 115, 169],
        [ 61, 104, 157],
        [ 66, 109, 162]],

       [[ 55, 111, 154],
        [ 61, 117, 160],
        [ 66, 109, 162],
        ...,
        [ 67, 115, 169],
        [ 73, 116, 169],
        [ 68, 111, 164]],

       [[ 60, 111, 160],
        [ 58, 109, 158],
        [ 73, 122, 165],
        ...,
        [ 62, 115, 168],
        [ 53, 107, 149],
        [ 61, 115, 157]],

       ...,

       [[172, 173, 217],
        [189, 190, 234],
        [179, 192, 229],
        ...,
        [176, 188, 214],
        [179, 197, 224],
        [191, 209, 236]],

       [[175, 182, 222],
        [180, 187, 227],
        [184, 188, 231],
        ...,
        [174, 191, 216],
        [178, 197, 222],
        [176, 195, 220]],

       [[180, 187, 227],
        [187, 194, 234],
        [172, 176, 219],
        ...,
        [180, 197, 222],
        [181, 200, 225],
        [175, 194, 219]]], shape=(480, 640, 3), dtype=uint8), array([[[ 69, 123, 171],
        [ 62, 116, 164],
        [ 51, 108, 159],
        ...,
        [ 65, 117, 172],
        [ 68, 113, 168],
        [ 73, 118, 173]],

       [[ 60, 114, 162],
        [ 62, 116, 164],
        [ 56, 113, 164],
        ...,
        [ 59, 111, 166],
        [ 65, 110, 165],
        [ 58, 103, 158]],

       [[ 65, 115, 167],
        [ 65, 115, 167],
        [ 53, 115, 160],
        ...,
        [ 68, 125, 164],
        [ 66, 115, 156],
        [ 68, 117, 158]],

       ...,

       [[176, 185, 213],
        [186, 195, 223],
        [175, 188, 216],
        ...,
        [184, 194, 225],
        [171, 186, 216],
        [164, 179, 209]],

       [[180, 192, 218],
        [188, 200, 226],
        [180, 197, 222],
        ...,
        [185, 193, 229],
        [171, 184, 212],
        [175, 188, 216]],

       [[181, 193, 219],
        [177, 189, 215],
        [177, 194, 219],
        ...,
        [185, 193, 229],
        [179, 192, 220],
        [186, 199, 227]]], shape=(480, 640, 3), dtype=uint8), array([[[ 56, 117, 158],
        [ 52, 113, 154],
        [ 56, 111, 157],
        ...,
        [ 71, 117, 162],
        [ 73, 121, 166],
        [ 60, 108, 153]],

       [[ 50, 111, 152],
        [ 58, 119, 160],
        [ 60, 115, 161],
        ...,
        [ 74, 120, 165],
        [ 60, 108, 153],
        [ 72, 120, 165]],

       [[ 72, 115, 163],
        [ 76, 119, 167],
        [ 63, 112, 161],
        ...,
        [ 73, 118, 171],
        [ 61, 111, 163],
        [ 61, 111, 163]],

       ...,

       [[187, 200, 223],
        [185, 198, 221],
        [182, 192, 223],
        ...,
        [174, 188, 214],
        [183, 195, 226],
        [174, 186, 217]],

       [[184, 197, 220],
        [184, 197, 220],
        [175, 184, 217],
        ...,
        [174, 189, 212],
        [175, 186, 219],
        [181, 192, 225]],

       [[178, 191, 214],
        [180, 193, 216],
        [182, 191, 224],
        ...,
        [174, 189, 212],
        [169, 180, 213],
        [174, 185, 218]]], shape=(480, 640, 3), dtype=uint8), array([[[ 63, 113, 165],
        [ 57, 107, 159],
        [ 72, 126, 166],
        ...,
        [ 75, 112, 170],
        [ 71, 119, 164],
        [ 66, 114, 159]],

       [[ 71, 121, 173],
        [ 60, 110, 162],
        [ 60, 114, 154],
        ...,
        [ 59,  96, 154],
        [ 48,  96, 141],
        [ 60, 108, 153]],

       [[ 56, 107, 156],
        [ 61, 112, 161],
        [ 64, 118, 160],
        ...,
        [ 62, 115, 159],
        [ 51, 101, 153],
        [ 62, 112, 164]],

       ...,

       [[175, 185, 216],
        [174, 184, 215],
        [182, 192, 223],
        ...,
        [171, 197, 221],
        [180, 187, 220],
        [186, 193, 226]],

       [[180, 189, 217],
        [186, 195, 223],
        [184, 192, 223],
        ...,
        [177, 201, 218],
        [180, 188, 224],
        [184, 192, 228]],

       [[176, 185, 213],
        [191, 200, 228],
        [175, 183, 214],
        ...,
        [167, 191, 208],
        [182, 190, 226],
        [174, 182, 218]]], shape=(480, 640, 3), dtype=uint8), array([[[ 63, 105, 155],
        [ 68, 110, 160],
        [ 61, 117, 165],
        ...,
        [ 63, 113, 160],
        [ 60, 108, 160],
        [ 60, 108, 160]],

       [[ 71, 113, 163],
        [ 68, 110, 160],
        [ 65, 121, 169],
        ...,
        [ 74, 124, 171],
        [ 69, 117, 169],
        [ 66, 114, 166]],

       [[ 68, 118, 170],
        [ 69, 119, 171],
        [ 63, 120, 166],
        ...,
        [ 58, 111, 155],
        [ 66, 108, 165],
        [ 66, 108, 165]],

       ...,

       [[190, 202, 228],
        [182, 194, 220],
        [167, 181, 213],
        ...,
        [185, 193, 217],
        [183, 195, 226],
        [182, 194, 225]],

       [[183, 206, 219],
        [181, 204, 217],
        [185, 196, 217],
        ...,
        [167, 181, 207],
        [182, 200, 227],
        [183, 201, 228]],

       [[165, 188, 201],
        [176, 199, 212],
        [192, 203, 224],
        ...,
        [174, 188, 214],
        [167, 185, 212],
        [186, 204, 231]]], shape=(480, 640, 3), dtype=uint8)]","[0.0, 0.5, 1.0, 1.5, 2.0, 2.5, 3.0, 3.5, 4.0, 4.5, 5.0, 5.5, 6.0, 6.5, 7.0, 7.5, 8.0, 8.5, 9.0, 9.5, 10.0, 10.5, 11.0, 11.5, 12.0, 12.5, 13.0, 13.5, 14.0, 14.5]"
MoviePy,0.0,0.0,0,0.0,0.0,True,[],[]
Quality Filtered,1.5913459459940593,0.015382461862787779,0,0.0,0.0,True,[],[]
